{
  "metadata": {
    "precision": "FP8",
    "dtype": "<class 'numpy.float32'>",
    "dtype_bytes": 1,
    "condition_number": 100.0,
    "matrix_size": 50,
    "true_eigenvalue": 100.0,
    "timestamp": "2025-11-08T17:10:43.316190Z",
    "converged": false,
    "convergence_iteration": null,
    "final_error": 0.086875,
    "tolerance": 1e-10,
    "max_iterations": 500,
    "ieee754_threshold": 0.1,
    "threshold_reached": true,
    "threshold_iteration": 2
  },
  "trace": [
    {
      "iteration": 0,
      "wall_time": 0.00010686299998496906,
      "cumulative_time": 0.00010889499998256724,
      "eigenvalue": 51.828125,
      "relative_error": 0.48171875,
      "vector_norm": 59.33406448364258,
      "theoretical_flops": 47256768.01802601,
      "theoretical_bandwidth_gbps": 0.024330217197399532,
      "ops_count": 5050,
      "bytes_transferred": 2600
    },
    {
      "iteration": 1,
      "wall_time": 4.725799999505398e-05,
      "cumulative_time": 0.00015879399995810672,
      "eigenvalue": 85.296875,
      "relative_error": 0.14703125,
      "vector_norm": 84.00753021240234,
      "theoretical_flops": 106860214.15482104,
      "theoretical_bandwidth_gbps": 0.05501713996089796,
      "ops_count": 5050,
      "bytes_transferred": 2600
    },
    {
      "iteration": 2,
      "wall_time": 4.3738999977449566e-05,
      "cumulative_time": 0.00020473499995432576,
      "eigenvalue": 91.3125,
      "relative_error": 0.086875,
      "vector_norm": 89.91515350341797,
      "theoretical_flops": 115457600.8277194,
      "theoretical_bandwidth_gbps": 0.05944351725783573,
      "ops_count": 5050,
      "bytes_transferred": 2600
    }
  ],
  "summary": {
    "total_iterations": 3,
    "total_time_seconds": 0.0002063359999624481,
    "time_to_1e3_error": null,
    "time_to_1e6_error": null,
    "time_to_1e9_error": null,
    "avg_flops": 89858194.33352214,
    "peak_flops": 115457600.8277194,
    "avg_bandwidth_gbps": 0.04626362480537774,
    "peak_bandwidth_gbps": 0.05944351725783573,
    "total_ops": 15150,
    "total_bytes": 7800
  }
}